time,ax,ay,az,bx,by,bz,angle_deg
3496399.0,2432.0,864.0,21876.0,116.0,984.0,18088.0,6.032071487179486
3898348.0,1888.0,1372.0,21360.0,-492.0,1684.0,17224.0,6.936599646970217
4300340.0,2000.0,620.0,22132.0,-240.0,852.0,18064.0,6.022233031303529
4702340.0,2412.0,640.0,22068.0,0.0,960.0,17952.0,6.3895891877230655
5104340.0,2252.0,456.0,21996.0,48.0,752.0,17960.0,5.81821147350645
5506340.0,2192.0,488.0,22148.0,-32.0,768.0,18088.0,5.8693211243728785
5908340.0,2300.0,608.0,22020.0,0.0,876.0,18020.0,6.080154660133917
6310340.0,2140.0,568.0,22144.0,-144.0,912.0,17952.0,6.147398806833785
6712340.0,2196.0,544.0,22040.0,-60.0,868.0,17928.0,6.0340955594177705
7114340.0,2300.0,544.0,22248.0,-128.0,648.0,18116.0,6.338174648519835
7516340.0,2420.0,552.0,22020.0,252.0,676.0,17796.0,5.5086109662437925
7918340.0,2420.0,492.0,22052.0,48.0,716.0,17976.0,6.189638807775871
8320340.0,2340.0,500.0,22120.0,68.0,844.0,18088.0,5.981908951461723
8722340.0,2216.0,396.0,22176.0,24.0,776.0,18132.0,5.807418045971306
9124340.0,2416.0,584.0,22276.0,96.0,820.0,18144.0,5.983959019183089
9526340.0,2340.0,668.0,22064.0,128.0,800.0,18024.0,5.701850010345553
9928340.0,2292.0,640.0,22164.0,4.0,880.0,17800.0,6.004650546270642
10330340.0,2244.0,592.0,22120.0,-52.0,812.0,17980.0,6.048142295684384
10732340.0,2208.0,684.0,22188.0,24.0,904.0,17956.0,5.713577493683643
11134340.0,2332.0,704.0,22000.0,-12.0,900.0,17944.0,6.173596800593595
11536340.0,2380.0,696.0,22048.0,-176.0,764.0,17856.0,6.752648242403314
11938340.0,1748.0,-104.0,22612.0,-20.0,396.0,17752.0,4.7419013079013945
12340340.0,2208.0,652.0,22164.0,-60.0,952.0,17992.0,6.02864984700247
12742340.0,2180.0,556.0,22188.0,0.0,876.0,17936.0,5.771776709302714
13144340.0,2288.0,596.0,21964.0,12.0,820.0,18120.0,5.996963781036458
13546340.0,2256.0,568.0,22136.0,-72.0,764.0,18084.0,6.119080849713716
13948340.0,2156.0,688.0,22016.0,-100.0,856.0,17984.0,5.981921429058559
14350340.0,2388.0,556.0,22208.0,32.0,828.0,18088.0,6.149355828752834
14752340.0,2316.0,480.0,22072.0,-32.0,696.0,17940.0,6.168217167444518
15154340.0,2272.0,684.0,22044.0,92.0,868.0,18064.0,5.674092508464531
15556340.0,2148.0,552.0,22092.0,-104.0,856.0,18204.0,6.0119567284971005
15958340.0,2316.0,600.0,22220.0,52.0,792.0,17908.0,5.865200643740505
16360340.0,2268.0,652.0,21980.0,-28.0,836.0,17892.0,6.057085057682063
16762340.0,2220.0,564.0,22224.0,-60.0,736.0,17928.0,5.961897875621921
17164340.0,2300.0,484.0,22056.0,16.0,736.0,17952.0,6.000419912563993
17566340.0,2320.0,612.0,22024.0,-60.0,840.0,17904.0,6.298310657871593
17968340.0,1788.0,568.0,22280.0,-256.0,728.0,17912.0,5.47386837650596
18370340.0,2144.0,736.0,22064.0,-56.0,980.0,18104.0,5.8456249622021526
18772340.0,2392.0,576.0,22116.0,-84.0,824.0,17952.0,6.537782832404828
19174340.0,2332.0,512.0,22252.0,48.0,776.0,17892.0,5.942544468801295
19576340.0,2152.0,580.0,22156.0,8.0,892.0,17980.0,5.68030863289161
19978340.0,2292.0,408.0,22232.0,108.0,700.0,18196.0,5.663193376259214
20380340.0,2300.0,596.0,22308.0,92.0,832.0,17956.0,5.7023432175702045
20782340.0,2300.0,504.0,22216.0,12.0,784.0,18128.0,5.987670247163678
21184340.0,2300.0,560.0,22144.0,-76.0,848.0,18108.0,6.289655092016702
21586340.0,2316.0,688.0,22156.0,40.0,832.0,17672.0,5.906478795947995
21988340.0,1752.0,1304.0,25812.0,-392.0,1076.0,18168.0,5.136075516782861
22390340.0,2064.0,1032.0,22160.0,-188.0,1132.0,17920.0,5.9906889132936065
22792340.0,2208.0,608.0,22100.0,-48.0,992.0,18008.0,6.0638169890808085
23194340.0,2176.0,656.0,22224.0,-20.0,900.0,17864.0,5.777970685191147
23596340.0,2020.0,680.0,22104.0,-148.0,812.0,17944.0,5.751053433318013
23998340.0,2236.0,592.0,22212.0,-100.0,832.0,17924.0,6.169879381816853
24400340.0,2092.0,616.0,21980.0,-128.0,1020.0,17824.0,6.078757438731918
24802340.0,2308.0,600.0,22064.0,-100.0,880.0,17944.0,6.411019602515044
25204340.0,2276.0,528.0,22080.0,4.0,764.0,17964.0,5.966389432629059
25606340.0,2300.0,524.0,22168.0,-104.0,816.0,18036.0,6.372497856418925
26008340.0,2248.0,520.0,22208.0,-52.0,684.0,18016.0,6.001633032469962
26410340.0,2236.0,596.0,22152.0,104.0,880.0,17868.0,5.576665378421233
26812340.0,2172.0,580.0,22132.0,-28.0,804.0,18096.0,5.786069061101928
27214340.0,2184.0,528.0,22132.0,-116.0,800.0,18036.0,6.115501316519946
27616340.0,2320.0,544.0,22148.0,36.0,832.0,18040.0,5.991788879123997
28018340.0,2116.0,624.0,22268.0,-56.0,892.0,17896.0,5.742071307058977
28420340.0,2244.0,580.0,22304.0,-24.0,856.0,17968.0,5.949474893439787
28822340.0,2244.0,632.0,22164.0,-20.0,808.0,17904.0,5.919407451029383
29224340.0,2220.0,584.0,22292.0,-80.0,832.0,18088.0,6.045151267772023
29626340.0,2252.0,612.0,22064.0,-116.0,784.0,18108.0,6.255740681771119
30028340.0,2168.0,684.0,22196.0,-44.0,992.0,17700.0,5.896905563641035
30430340.0,2360.0,448.0,22260.0,164.0,712.0,17888.0,5.638971302278567
30832340.0,2304.0,540.0,22204.0,104.0,824.0,18012.0,5.724245061195087
31234340.0,2228.0,480.0,22240.0,8.0,728.0,18020.0,5.794693000258698
31636340.0,2268.0,620.0,22172.0,20.0,824.0,18004.0,5.86354703560747
32038340.0,2232.0,608.0,22068.0,-56.0,924.0,18084.0,6.1004095984979125
32440340.0,2252.0,608.0,21952.0,40.0,916.0,18108.0,5.875915207470465
32842340.0,2168.0,568.0,22052.0,-24.0,936.0,18048.0,5.881249920723703
33244340.0,2216.0,564.0,22156.0,8.0,752.0,17812.0,5.764189196556621
33646340.0,2196.0,616.0,22152.0,-40.0,748.0,17952.0,5.840721848025646
34048340.0,2296.0,624.0,22032.0,80.0,864.0,17960.0,5.803180240426061
34450340.0,2240.0,612.0,22248.0,20.0,840.0,18152.0,5.784330801061567
34852340.0,2204.0,556.0,22208.0,-100.0,936.0,17956.0,6.181387758818425
35254340.0,2200.0,532.0,22160.0,-100.0,820.0,18084.0,6.107420390465095
35656340.0,2256.0,592.0,21892.0,120.0,888.0,17956.0,5.646027779110351
36058340.0,2232.0,508.0,22308.0,24.0,752.0,18100.0,5.737450723755343
36460340.0,2368.0,612.0,22188.0,80.0,888.0,17988.0,5.966078662957804
36862340.0,2188.0,576.0,22216.0,-76.0,880.0,17960.0,6.011312133553547
37264340.0,2264.0,568.0,22164.0,12.0,864.0,17948.0,5.933231285062507
37666340.0,2192.0,564.0,22284.0,-128.0,892.0,18120.0,6.173477357604279
38068340.0,2216.0,148.0,22212.0,-12.0,740.0,18188.0,6.055774265117738
38470340.0,2228.0,688.0,22112.0,-52.0,936.0,17796.0,6.043891648197075
38872340.0,2316.0,564.0,22060.0,-32.0,820.0,17956.0,6.200601527988282
39274340.0,2228.0,556.0,22312.0,20.0,724.0,18024.0,5.704114586307223
39676340.0,2316.0,512.0,22352.0,52.0,812.0,17776.0,5.8920083635894605
40078340.0,2260.0,648.0,22184.0,-28.0,832.0,17936.0,5.984797540117931
40480340.0,2300.0,624.0,22304.0,-48.0,812.0,17968.0,6.117714506049633
40882340.0,2228.0,600.0,22080.0,-64.0,832.0,17952.0,6.063624493705027
41284340.0,2180.0,644.0,22160.0,16.0,908.0,18144.0,5.693152657907159
41686340.0,2432.0,628.0,22144.0,-8.0,716.0,17980.0,6.32442979649111
42088340.0,2536.0,960.0,21508.0,24.0,1104.0,17704.0,6.71693265804492
42490340.0,2196.0,764.0,22096.0,-216.0,988.0,17928.0,6.468658202359248
42892340.0,2400.0,524.0,21916.0,12.0,928.0,17908.0,6.410621780381054
43294340.0,2276.0,640.0,22240.0,-24.0,856.0,17960.0,6.014766966644687
43696340.0,3800.0,-1008.0,24272.0,-468.0,240.0,21760.0,10.557424221897767
44098340.0,2084.0,720.0,21940.0,8.0,1056.0,17748.0,5.6081651122423395
44500340.0,2488.0,472.0,22292.0,-44.0,844.0,18144.0,6.664841789867109
44902340.0,2168.0,596.0,21720.0,-52.0,856.0,17940.0,5.977167489950983
45304340.0,1952.0,700.0,22268.0,-184.0,784.0,18040.0,5.633136247467438
45706340.0,2276.0,496.0,22060.0,36.0,824.0,17992.0,5.926128621101588
46108340.0,2068.0,656.0,22180.0,-128.0,780.0,17960.0,5.786736192993826
46510340.0,2308.0,664.0,22088.0,72.0,964.0,17788.0,5.894243763151815
46912340.0,2168.0,640.0,22432.0,36.0,776.0,18196.0,5.464708360699854
47314340.0,2332.0,516.0,22068.0,80.0,936.0,17968.0,6.00400369456243
47716340.0,2324.0,660.0,21996.0,-4.0,780.0,17964.0,6.089681825139059
48118340.0,2084.0,440.0,22376.0,56.0,708.0,17684.0,5.268886794284965
48520340.0,2452.0,532.0,22332.0,64.0,732.0,17944.0,6.136931978798731
48922340.0,2552.0,652.0,22200.0,144.0,828.0,18132.0,6.170807680146483
49324340.0,2504.0,712.0,22244.0,24.0,872.0,17912.0,6.413797577237668
49726340.0,2252.0,688.0,22104.0,-24.0,760.0,18256.0,5.9202852447442735
50128340.0,2500.0,648.0,21928.0,136.0,764.0,18072.0,6.113888040127777
50530340.0,2464.0,492.0,22168.0,-36.0,812.0,17860.0,6.591657845619772
50932352.0,2224.0,540.0,22080.0,-16.0,820.0,17904.0,5.92789069575054
51334340.0,2236.0,444.0,22520.0,-108.0,620.0,18124.0,6.067242106572797
51736340.0,2540.0,612.0,22364.0,112.0,924.0,17796.0,6.275618444280298
52138340.0,2164.0,560.0,22096.0,-100.0,852.0,17956.0,6.0438622201627705
52540340.0,2260.0,624.0,22036.0,-68.0,936.0,17920.0,6.222251786797
52942340.0,2348.0,508.0,22028.0,-116.0,832.0,18016.0,6.584978072933259
53344340.0,2260.0,532.0,22236.0,-8.0,788.0,17904.0,5.939293751683711
53746340.0,2200.0,572.0,22212.0,-40.0,752.0,18168.0,5.849286251042239
54148340.0,2260.0,600.0,22092.0,-12.0,792.0,17984.0,5.9556405942444
54550340.0,2048.0,456.0,22144.0,-64.0,820.0,18056.0,5.6662231723303425
54952340.0,2192.0,620.0,22192.0,-136.0,740.0,18172.0,6.11112661490163
55354340.0,2296.0,560.0,22096.0,88.0,888.0,17880.0,5.817017029023131
55756340.0,2212.0,560.0,22084.0,60.0,844.0,18052.0,5.661282103793716
56158340.0,2336.0,516.0,22172.0,-20.0,812.0,18012.0,6.202712041017106
56560340.0,2200.0,552.0,22168.0,-44.0,904.0,17896.0,5.988024209980566
56962340.0,2108.0,468.0,22244.0,-28.0,764.0,18252.0,5.627450325340397
57364340.0,2272.0,560.0,22100.0,-60.0,840.0,18064.0,6.177359897969218
57766340.0,2288.0,672.0,22044.0,-44.0,756.0,17928.0,6.100030955179528
58168340.0,2300.0,684.0,22028.0,60.0,980.0,17792.0,5.925945206032335
58570340.0,2412.0,488.0,22224.0,-100.0,796.0,18016.0,6.633009046432851
58972340.0,2288.0,672.0,21956.0,-32.0,892.0,17604.0,6.157980882447777
59374340.0,2240.0,628.0,22272.0,-60.0,752.0,17892.0,5.985301932972889
59776340.0,2536.0,456.0,22184.0,180.0,916.0,17940.0,6.195781752134084
60178340.0,2296.0,360.0,22504.0,16.0,684.0,18272.0,5.903186955771025
60580340.0,2316.0,672.0,22152.0,32.0,732.0,17916.0,5.894350766210132
60982340.0,2180.0,660.0,22132.0,-100.0,1008.0,17824.0,6.136785781778803
61384340.0,1904.0,508.0,22496.0,-152.0,808.0,18176.0,5.460356319717875
61786340.0,2616.0,548.0,22160.0,-24.0,700.0,18016.0,6.85449600997813
62188340.0,2004.0,492.0,22312.0,-220.0,752.0,18164.0,5.928576963720014
62590340.0,2340.0,452.0,22132.0,-88.0,748.0,18008.0,6.4281356598939645
62992340.0,2464.0,720.0,21956.0,48.0,912.0,17804.0,6.333481517560047
63394340.0,2396.0,496.0,22024.0,-60.0,812.0,18192.0,6.519572106179634
63796340.0,2456.0,504.0,22168.0,24.0,768.0,17912.0,6.348800046014199
64198340.0,2440.0,524.0,22312.0,-48.0,824.0,17920.0,6.5204156448633634
64600340.0,2500.0,548.0,22112.0,76.0,836.0,17720.0,6.333497114214156
65002340.0,2348.0,516.0,22092.0,-52.0,704.0,17976.0,6.295862092852564
65404340.0,2228.0,680.0,22120.0,-24.0,868.0,17828.0,5.915426100994083
65806340.0,2268.0,680.0,21876.0,-12.0,992.0,17880.0,6.115259891280907
66208340.0,2116.0,624.0,22060.0,-136.0,916.0,17948.0,6.05164321795319
66610340.0,2356.0,560.0,22152.0,84.0,848.0,18112.0,5.932501590182639
67012340.0,2116.0,524.0,22320.0,-84.0,692.0,18140.0,5.740835056292193
67414340.0,2292.0,436.0,22328.0,-56.0,872.0,17972.0,6.261225125934308
67816340.0,2220.0,580.0,22024.0,-104.0,796.0,18024.0,6.16888918254842
68218340.0,2304.0,600.0,22252.0,56.0,880.0,17992.0,5.866596858694318
68620340.0,2436.0,596.0,22196.0,32.0,844.0,18028.0,6.263894794063998
69022340.0,2152.0,600.0,22156.0,-96.0,796.0,18104.0,5.92826353302182
69424340.0,2288.0,600.0,22176.0,-88.0,856.0,18028.0,6.277215468431381
69826340.0,2500.0,624.0,22200.0,12.0,880.0,17948.0,6.495148148357847
70228340.0,2264.0,716.0,22060.0,8.0,732.0,18060.0,5.849493246643254
70630340.0,2360.0,456.0,21980.0,136.0,796.0,17884.0,5.851386731036858
71032340.0,2240.0,564.0,22252.0,-64.0,856.0,17960.0,6.085440963605132
71434340.0,2272.0,600.0,22024.0,148.0,944.0,17988.0,5.605227446247992
71836340.0,2156.0,556.0,22232.0,-40.0,904.0,17972.0,5.846048939266507
72238340.0,2292.0,560.0,22028.0,92.0,824.0,17924.0,5.7652630959631574
72640340.0,2248.0,700.0,22136.0,-72.0,820.0,18036.0,6.076002802358199
73042340.0,2252.0,668.0,22308.0,-12.0,840.0,18108.0,5.875414425960114
73444340.0,2144.0,492.0,22240.0,8.0,724.0,17928.0,5.578076898649091
73846340.0,2248.0,464.0,22132.0,24.0,776.0,18052.0,5.8591051317311535
74248340.0,2192.0,616.0,22196.0,24.0,884.0,18088.0,5.691257006518912
74650340.0,2180.0,464.0,22188.0,-52.0,716.0,18148.0,5.870631402636256
75052340.0,2360.0,568.0,22204.0,100.0,908.0,17968.0,5.920578527200327
75454340.0,2300.0,592.0,22144.0,-64.0,752.0,18124.0,6.187554181125837
75856340.0,2156.0,556.0,22400.0,-68.0,840.0,17944.0,5.8495238965098295
76258340.0,2252.0,748.0,22036.0,68.0,868.0,17836.0,5.676219720658841
76660340.0,2284.0,516.0,22332.0,-4.0,804.0,18108.0,5.975843480065286
77062340.0,2212.0,568.0,22156.0,-16.0,812.0,17864.0,5.861166690461813
77464340.0,2320.0,636.0,22104.0,52.0,812.0,18032.0,5.897757665988881
77866340.0,2396.0,472.0,22312.0,12.0,708.0,17912.0,6.179366104040242
78268340.0,2204.0,596.0,21940.0,24.0,840.0,18124.0,5.763662713312055
78670340.0,2396.0,500.0,22088.0,72.0,860.0,17980.0,6.131405929269783
79072340.0,2304.0,596.0,22228.0,-40.0,828.0,18012.0,6.141007852641792
79474340.0,2284.0,592.0,22276.0,-20.0,704.0,17896.0,5.960885192950574
79876340.0,2316.0,856.0,22024.0,-40.0,948.0,17932.0,6.178063313074828
80278340.0,2084.0,560.0,22144.0,-96.0,896.0,17952.0,5.852227328952234
80680340.0,2120.0,732.0,22116.0,24.0,800.0,18048.0,5.434423612580057
81082340.0,2228.0,524.0,22128.0,32.0,844.0,18040.0,5.798636401940016
81484340.0,2332.0,580.0,22240.0,-40.0,824.0,18124.0,6.2097581914088025
81886340.0,2272.0,492.0,22048.0,-12.0,836.0,17928.0,6.081068169558492
82288340.0,2332.0,656.0,22144.0,24.0,704.0,18088.0,5.9568350127363905
82690340.0,2248.0,668.0,22132.0,-32.0,820.0,18080.0,5.961773114038109
83092340.0,2304.0,544.0,22048.0,40.0,844.0,17912.0,5.975246241909694
83494340.0,2392.0,404.0,22080.0,96.0,720.0,18024.0,6.005710329731866
83896340.0,2320.0,560.0,22248.0,-24.0,860.0,18012.0,6.163984209204028
84298340.0,2384.0,604.0,22016.0,92.0,840.0,17928.0,5.98774619912735
84700340.0,2216.0,616.0,22252.0,-8.0,780.0,17924.0,5.781724681670359
85102340.0,2332.0,688.0,21956.0,28.0,868.0,17928.0,6.049582255114606
85504340.0,2300.0,516.0,22184.0,-96.0,824.0,18044.0,6.3524063264639645
85906340.0,2132.0,568.0,22068.0,-56.0,692.0,18020.0,5.740159085459262
86308340.0,2252.0,712.0,22008.0,104.0,692.0,18000.0,5.519690061491508
86710340.0,2292.0,372.0,22212.0,16.0,692.0,17928.0,5.971466550015985
87112340.0,2008.0,648.0,22104.0,-212.0,744.0,18020.0,5.901732911714872
87514340.0,2452.0,704.0,21620.0,304.0,1100.0,17768.0,5.73816071766916
87916340.0,2244.0,476.0,21956.0,8.0,812.0,18056.0,5.959354012000192
88318340.0,2340.0,536.0,22092.0,16.0,760.0,18088.0,6.079064137507857
88720340.0,2328.0,532.0,22112.0,4.0,824.0,17856.0,6.126833512893368
89122340.0,2244.0,504.0,21884.0,48.0,844.0,17968.0,5.86200720245188
89524340.0,2108.0,624.0,22072.0,-52.0,828.0,17892.0,5.713080297043231
89926340.0,2316.0,552.0,22304.0,-160.0,912.0,17952.0,6.6061905577393985
90328350.0,2312.0,576.0,21964.0,36.0,768.0,18004.0,5.96678162476405
90730340.0,2088.0,472.0,22292.0,-132.0,760.0,18112.0,5.88818524078589
91132340.0,2572.0,532.0,22036.0,76.0,944.0,17856.0,6.61815818252185
91534340.0,2304.0,640.0,21968.0,92.0,960.0,18028.0,5.85690340260638
91936340.0,2260.0,704.0,22104.0,-84.0,892.0,17904.0,6.189080896685379
92338340.0,2168.0,580.0,22108.0,-76.0,804.0,17892.0,5.938873019171846
92740340.0,2160.0,596.0,22340.0,-184.0,788.0,18016.0,6.182604603164011
93142340.0,2380.0,628.0,22200.0,-48.0,888.0,17828.0,6.390063279057928
93544340.0,2324.0,516.0,21900.0,108.0,852.0,17932.0,5.872638660962188
93946340.0,2332.0,556.0,22392.0,24.0,756.0,18064.0,5.9477401513559585
94348340.0,2172.0,644.0,22020.0,-176.0,864.0,17728.0,6.298217138129764
94750340.0,2396.0,624.0,22016.0,116.0,904.0,18068.0,5.970989922008903
95152340.0,2156.0,504.0,22176.0,40.0,704.0,18084.0,5.503361672692108
95554340.0,2576.0,624.0,22104.0,176.0,936.0,17928.0,6.234927169243116
95956340.0,2252.0,484.0,22296.0,-180.0,668.0,17924.0,6.4032672132775
96358340.0,2232.0,648.0,22056.0,80.0,848.0,18036.0,5.613264826866526
96760340.0,2252.0,636.0,22380.0,-20.0,740.0,18120.0,5.850158527275086
97162340.0,2400.0,588.0,21944.0,64.0,892.0,17800.0,6.178727411254493
97564340.0,2340.0,-628.0,21016.0,180.0,376.0,17376.0,6.466489720632368
97966340.0,2096.0,284.0,21632.0,-264.0,540.0,17492.0,6.478063714103517
98368340.0,2164.0,552.0,21984.0,-4.0,788.0,17780.0,5.738859413961611
98770340.0,2320.0,532.0,22188.0,32.0,816.0,17972.0,5.991926109429011
99172340.0,2084.0,472.0,22424.0,-164.0,624.0,18200.0,5.873368773346097
99574340.0,2200.0,752.0,22000.0,-60.0,872.0,17928.0,5.956300200346417
99976340.0,2464.0,692.0,21776.0,20.0,940.0,17760.0,6.50104626016908
100378340.0,2516.0,584.0,21880.0,128.0,1000.0,17960.0,6.368232623435324
100780340.0,2236.0,444.0,22092.0,84.0,788.0,18028.0,5.6742304586424455
101182340.0,2396.0,580.0,21648.0,92.0,768.0,18320.0,6.087684521853424
101584340.0,2540.0,364.0,21576.0,16.0,808.0,17564.0,6.865654720388453
101986340.0,2032.0,484.0,22232.0,-4.0,780.0,17904.0,5.380064570747188
102388340.0,2212.0,396.0,22628.0,-184.0,624.0,18264.0,6.2324904876937905
102790340.0,2640.0,600.0,21816.0,148.0,940.0,17944.0,6.580393430469522
103192340.0,2968.0,616.0,21608.0,148.0,764.0,18120.0,7.391465161348175
103594340.0,2332.0,288.0,22056.0,148.0,672.0,17884.0,5.734942135009
103996340.0,2292.0,564.0,22100.0,48.0,728.0,18024.0,5.828862757949952
104398340.0,2160.0,644.0,22188.0,92.0,972.0,17864.0,5.45921129514987
104800340.0,2336.0,532.0,21976.0,-60.0,600.0,18312.0,6.272585934639449
105202358.0,2152.0,576.0,22136.0,-104.0,796.0,17952.0,5.974823933159686
105604340.0,2424.0,692.0,21872.0,256.0,1040.0,17864.0,5.706425509033287
106006340.0,2364.0,384.0,22320.0,80.0,616.0,18068.0,5.871324811488557
106408340.0,2328.0,616.0,22096.0,120.0,848.0,17796.0,5.738344686832036
106810340.0,2336.0,704.0,22036.0,28.0,908.0,17852.0,6.05547318379758
107212340.0,1952.0,368.0,22844.0,-36.0,724.0,17812.0,5.192239397965204
107614340.0,1992.0,580.0,22008.0,-8.0,764.0,18032.0,5.27550617316776
108016340.0,2356.0,712.0,21872.0,100.0,1140.0,17724.0,6.097682904115293
108418340.0,2260.0,360.0,22388.0,-116.0,764.0,18284.0,6.300431069177639
108820340.0,2352.0,584.0,22012.0,136.0,932.0,17800.0,5.848588207248442
109222340.0,2376.0,560.0,21776.0,136.0,892.0,17824.0,5.952603236180939
109624340.0,2184.0,472.0,22280.0,-88.0,704.0,18004.0,5.9656819862820205
110026340.0,1860.0,540.0,22248.0,-68.0,792.0,17792.0,5.128589516606284
110428340.0,2284.0,584.0,21912.0,-108.0,832.0,17984.0,6.391290243714935
110830340.0,2424.0,616.0,21796.0,76.0,812.0,17984.0,6.1772963117771855
111232340.0,2056.0,528.0,22256.0,-100.0,780.0,18016.0,5.704958061754353
111634340.0,2320.0,628.0,22064.0,-8.0,912.0,17900.0,6.160960295292683
112036340.0,1836.0,668.0,22468.0,-152.0,868.0,17892.0,5.2662778837519015
112438340.0,2400.0,760.0,21840.0,8.0,1004.0,17828.0,6.361256436248725
112840340.0,2248.0,584.0,22200.0,16.0,812.0,18004.0,5.829006078099552
113242340.0,2392.0,456.0,22308.0,36.0,820.0,17808.0,6.17883669786077
113644340.0,2052.0,740.0,22160.0,-76.0,880.0,17896.0,5.60351909394716
114046340.0,2260.0,580.0,22148.0,4.0,856.0,18000.0,5.9384122938097095
114448340.0,2212.0,396.0,22324.0,144.0,860.0,18000.0,5.475882966552692
114850340.0,2228.0,632.0,22156.0,-80.0,892.0,17852.0,6.120225194822957
115252340.0,2132.0,720.0,22164.0,-36.0,928.0,17920.0,5.713874368873009
115654340.0,2188.0,444.0,22248.0,-32.0,604.0,18220.0,5.7657473740440865
116056340.0,2296.0,700.0,22188.0,0.0,924.0,17784.0,6.018842005163387
116458340.0,2280.0,520.0,22276.0,-64.0,888.0,17992.0,6.225879888199413
116860340.0,2304.0,220.0,22096.0,-212.0,472.0,18048.0,6.689734103720762
117262340.0,2320.0,668.0,21944.0,92.0,1088.0,17524.0,6.00976006983561
117664340.0,2384.0,504.0,22608.0,-84.0,660.0,18028.0,6.337884329508376
118066340.0,2240.0,460.0,22420.0,16.0,756.0,17988.0,5.785499998965984
118468340.0,2240.0,416.0,22168.0,-176.0,660.0,18112.0,6.405496760103036
118870340.0,2232.0,580.0,22044.0,-80.0,776.0,17952.0,6.11160461891592
119272340.0,2372.0,552.0,22052.0,-4.0,744.0,17924.0,6.221821901010808
119674340.0,2296.0,536.0,22080.0,-28.0,844.0,18028.0,6.159812028542431
120076340.0,2372.0,600.0,22124.0,92.0,880.0,17944.0,5.95687068495503
120478340.0,2196.0,464.0,22144.0,-152.0,780.0,17804.0,6.2880556407390085
120880340.0,2068.0,324.0,22304.0,-124.0,560.0,18044.0,5.76803159786
121282340.0,2708.0,280.0,22508.0,272.0,628.0,17972.0,6.129571886296437
121684340.0,1860.0,304.0,22768.0,-208.0,644.0,18116.0,5.476538083485901
122086340.0,3032.0,652.0,21740.0,496.0,880.0,17964.0,6.447907454237583
122488340.0,2340.0,488.0,22056.0,44.0,840.0,17968.0,6.079360715858181
122890340.0,2300.0,600.0,22436.0,-68.0,716.0,18064.0,6.1111675974839414
123292340.0,2296.0,604.0,22180.0,-8.0,904.0,18040.0,6.075375052517004
123694340.0,2436.0,448.0,22256.0,60.0,772.0,17928.0,6.193624085666841
124096340.0,2328.0,584.0,22336.0,48.0,848.0,18016.0,5.9176479833624684
124498340.0,2136.0,680.0,21868.0,-448.0,764.0,17904.0,7.0393277692467695
124900340.0,2312.0,568.0,21812.0,196.0,980.0,17732.0,5.6672971185703975
125302340.0,2148.0,624.0,21676.0,-12.0,960.0,17312.0,5.8965770467303775
125704340.0,2320.0,520.0,22036.0,-12.0,800.0,17848.0,6.1672633191788195
126106340.0,2204.0,604.0,22248.0,-52.0,716.0,18000.0,5.865433794328614
126508340.0,2328.0,496.0,22100.0,36.0,888.0,17916.0,6.096867572512248
126910340.0,2232.0,464.0,22068.0,32.0,812.0,17948.0,5.8383360757782885
127312340.0,1772.0,828.0,22468.0,144.0,924.0,17760.0,4.134352636182717
127714340.0,2148.0,532.0,22248.0,-20.0,660.0,18064.0,5.623016227126691
128116340.0,2484.0,628.0,21932.0,220.0,980.0,17904.0,5.945713637654368
128518340.0,2272.0,512.0,22084.0,128.0,824.0,18088.0,5.614655969124863
128920340.0,2168.0,480.0,22284.0,-12.0,816.0,18064.0,5.754227203106065
129322340.0,2140.0,800.0,22120.0,-244.0,792.0,18080.0,6.309856274019987
129724340.0,2292.0,676.0,22156.0,-40.0,844.0,17924.0,6.104982231773774
130126340.0,2160.0,580.0,22116.0,32.0,796.0,18064.0,5.5689666047180895
130528340.0,2272.0,780.0,22000.0,148.0,896.0,17824.0,5.482975148995973
130930340.0,2268.0,556.0,22016.0,56.0,812.0,18040.0,5.812691796281351
131332340.0,2288.0,484.0,22176.0,-104.0,764.0,17856.0,6.33685171277991
131734340.0,2272.0,540.0,22216.0,24.0,836.0,18020.0,5.897832122307347
132136340.0,2252.0,448.0,22016.0,-112.0,728.0,17936.0,6.303732634046079
132538340.0,2224.0,472.0,22144.0,-92.0,780.0,18076.0,6.153078463365265
132940340.0,2348.0,620.0,22376.0,56.0,788.0,18056.0,5.881365527459824
133342340.0,2476.0,684.0,22120.0,12.0,852.0,17888.0,6.416673467158878
133744340.0,2324.0,540.0,22184.0,-36.0,788.0,17932.0,6.195688020700551
134146340.0,2376.0,568.0,22252.0,-28.0,784.0,18128.0,6.26356215890895
134548340.0,2176.0,620.0,22252.0,-96.0,812.0,17952.0,5.972083009866987
134950340.0,2216.0,632.0,22252.0,48.0,880.0,17884.0,5.65743680652148
135352340.0,2188.0,568.0,22220.0,-40.0,780.0,17988.0,5.8384999481205835
135754340.0,2276.0,512.0,22084.0,56.0,812.0,17952.0,5.841451281395598
136156340.0,2192.0,652.0,22224.0,12.0,772.0,18012.0,5.645544434264739
136558340.0,2200.0,556.0,22100.0,-100.0,744.0,17992.0,6.0722300408086225
136960340.0,2416.0,704.0,22080.0,68.0,936.0,17788.0,6.137783239555142
137362340.0,2156.0,632.0,22176.0,-52.0,832.0,18020.0,5.804359637693677
137764340.0,2148.0,548.0,22152.0,40.0,792.0,18036.0,5.5196292070687525
138166340.0,2320.0,604.0,22116.0,120.0,872.0,17908.0,5.734306622085505
138568340.0,2320.0,536.0,22220.0,40.0,860.0,18048.0,5.984929175812558
138970340.0,2208.0,556.0,22304.0,-96.0,808.0,17996.0,6.065497901671721
139372340.0,2284.0,600.0,22184.0,12.0,772.0,18024.0,5.907275495032666
139774340.0,2348.0,624.0,22028.0,180.0,932.0,17904.0,5.6707478729131005
140176340.0,1976.0,660.0,22156.0,-40.0,828.0,17896.0,5.3063652984946055
140578340.0,2312.0,432.0,22272.0,32.0,856.0,17932.0,6.0440957402723585
140980340.0,2116.0,408.0,22352.0,-76.0,620.0,18132.0,5.720097788717318
141382340.0,2380.0,680.0,22084.0,76.0,1000.0,17840.0,6.077922591182343
141784340.0,2356.0,576.0,22240.0,4.0,884.0,18044.0,6.1748467223543
142186340.0,2340.0,504.0,22136.0,96.0,892.0,17932.0,5.930001001759657
142588340.0,2304.0,508.0,22240.0,12.0,796.0,17944.0,6.002002410478453
142990340.0,2272.0,520.0,22264.0,-20.0,812.0,17960.0,6.0198255010212245
143392340.0,2316.0,432.0,22032.0,12.0,752.0,18000.0,6.094653221970474
143794340.0,2296.0,636.0,22260.0,-28.0,916.0,18144.0,6.104487107149774
144196340.0,2244.0,544.0,22088.0,-8.0,848.0,18016.0,5.964034436591534
144598340.0,2228.0,564.0,21868.0,44.0,848.0,17804.0,5.809574478018751
145000340.0,2164.0,920.0,22168.0,-216.0,992.0,17972.0,6.306859727486246
145402340.0,2328.0,424.0,22212.0,88.0,724.0,17860.0,5.830306282566106
145804340.0,2248.0,556.0,22100.0,8.0,788.0,17836.0,5.881870581704299
146206340.0,2324.0,596.0,22076.0,20.0,836.0,18024.0,6.046087754095051
146608340.0,2296.0,484.0,22064.0,40.0,776.0,17880.0,5.939347821866959
147010340.0,2260.0,652.0,22144.0,72.0,764.0,17832.0,5.645875375635557
147412340.0,2360.0,608.0,22212.0,44.0,844.0,17996.0,6.026728069710809
147814340.0,2268.0,580.0,22112.0,4.0,796.0,18044.0,5.930248253078181
148216340.0,2288.0,688.0,22072.0,52.0,864.0,18012.0,5.829556012166052
148618340.0,2364.0,528.0,22152.0,4.0,872.0,17884.0,6.241343000877008
149020340.0,2284.0,548.0,22112.0,-28.0,872.0,18096.0,6.131553814421083
149422340.0,2412.0,536.0,22176.0,-84.0,840.0,17972.0,6.6002432276275815
149824340.0,2244.0,592.0,22148.0,-32.0,868.0,17920.0,6.014705905618108
150226340.0,2300.0,592.0,22124.0,-4.0,824.0,18128.0,6.040779928292231
150628340.0,2184.0,616.0,22108.0,36.0,908.0,17968.0,5.6746781095351
151030340.0,2340.0,500.0,22224.0,-36.0,864.0,18056.0,6.292122613908177
151432340.0,2208.0,628.0,22224.0,72.0,696.0,18068.0,5.474927343525854
151834340.0,2228.0,552.0,22128.0,-8.0,868.0,17840.0,5.9301488117626775
152236340.0,2248.0,616.0,22060.0,-32.0,784.0,17888.0,5.9880485556308845
152638340.0,2240.0,520.0,22244.0,0.0,760.0,17916.0,5.850872771908049
153040340.0,2264.0,556.0,22144.0,-20.0,684.0,18024.0,5.944789454841691
153442340.0,2228.0,588.0,22108.0,12.0,948.0,17880.0,5.910167049251994
153844340.0,2264.0,548.0,22348.0,-100.0,768.0,17964.0,6.189909653143288
154246340.0,2400.0,592.0,22208.0,-84.0,800.0,18000.0,6.512640016502601
154648340.0,2252.0,552.0,22112.0,76.0,876.0,17916.0,5.735905567604877
155050340.0,2300.0,536.0,22252.0,-40.0,844.0,18028.0,6.16476945550262
155452340.0,2280.0,580.0,22040.0,56.0,896.0,17984.0,5.881160919001256
155854340.0,2120.0,472.0,22308.0,-20.0,800.0,18076.0,5.647271173331266
156256340.0,2232.0,508.0,22088.0,0.0,872.0,18012.0,5.948509819061573
156658340.0,2424.0,596.0,22248.0,120.0,844.0,18036.0,5.945814994199659
157060340.0,2240.0,580.0,22184.0,-40.0,800.0,18036.0,5.981972427201129
157462340.0,2300.0,576.0,22220.0,-16.0,828.0,18024.0,6.067194631428864
157864340.0,2296.0,536.0,22080.0,-20.0,824.0,18020.0,6.122263773528719
158266340.0,2496.0,668.0,21860.0,132.0,892.0,18048.0,6.18674914118781
158668340.0,2216.0,552.0,22116.0,0.0,864.0,18004.0,5.869433195581512
159070340.0,2236.0,640.0,22152.0,4.0,836.0,18016.0,5.83512349688358
3493399.0,2268.0,568.0,22224.0,80.0,764.0,17964.0,5.653893751268453
3895349.0,2208.0,552.0,22020.0,-48.0,784.0,18092.0,5.968087111636343
4297341.0,2376.0,492.0,21748.0,48.0,872.0,17732.0,6.264695527168497
4699341.0,2248.0,616.0,22100.0,0.0,840.0,18012.0,5.903951255006102
5101341.0,2404.0,568.0,22236.0,-36.0,852.0,17972.0,6.405949582890074
5503341.0,2396.0,516.0,22200.0,108.0,804.0,18004.0,5.942174721958654
5905341.0,2232.0,572.0,22088.0,24.0,852.0,17984.0,5.822593941259487
6307341.0,2268.0,500.0,22128.0,76.0,844.0,18008.0,5.7778546970175615
6709341.0,2276.0,600.0,22188.0,-76.0,808.0,17900.0,6.184711724929996
7111341.0,2360.0,556.0,21924.0,-8.0,820.0,18020.0,6.273769383523242
7513341.0,2304.0,528.0,22176.0,-64.0,824.0,17936.0,6.263018091403824
7915341.0,2212.0,536.0,22168.0,-20.0,856.0,17872.0,5.91787888919971
8317341.0,2228.0,524.0,22088.0,-16.0,832.0,17968.0,5.9507640651392375
8719341.0,2208.0,500.0,22108.0,48.0,700.0,17972.0,5.626993416061177
9121341.0,2344.0,664.0,22132.0,32.0,820.0,17896.0,6.008899529429736
9523341.0,2296.0,552.0,22120.0,-40.0,852.0,17972.0,6.185879902419204
9925341.0,2252.0,620.0,22128.0,-12.0,880.0,18072.0,5.964851867207039
10327341.0,2240.0,532.0,22032.0,-24.0,848.0,18124.0,6.0200287416835305
10729341.0,2244.0,572.0,22260.0,-120.0,788.0,18000.0,6.222531963147326
11131341.0,2228.0,632.0,22068.0,-84.0,948.0,17780.0,6.1954627573483325
11533341.0,2296.0,616.0,22328.0,-40.0,796.0,17932.0,6.072896635336674
11935341.0,2200.0,588.0,22032.0,-80.0,788.0,17964.0,6.035567485474963
12337341.0,2444.0,596.0,22148.0,112.0,844.0,17864.0,6.0484344711776155
12739341.0,2348.0,480.0,22256.0,36.0,712.0,17948.0,5.996059537990816
13141341.0,2288.0,580.0,22216.0,36.0,824.0,18124.0,5.869493818831135
13543341.0,2116.0,692.0,21972.0,-12.0,784.0,17904.0,5.580896953728304
13945341.0,3600.0,2772.0,27412.0,-1304.0,860.0,17732.0,12.023311270749177
14347341.0,13604.0,-2876.0,4724.0,-660.0,1216.0,17884.0,74.13550142960176
14749341.0,12300.0,-6596.0,972.0,124.0,400.0,18244.0,86.267639773959
15151341.0,13708.0,-3524.0,-5832.0,-100.0,796.0,17928.0,113.31542689714438
15553341.0,12528.0,-1212.0,-6232.0,-208.0,1020.0,17876.0,117.27413351082974
15955341.0,11656.0,-1576.0,-6744.0,-56.0,848.0,18056.0,120.32960777395999
16357341.0,-4676.0,-1796.0,-1440.0,48.0,872.0,18156.0,107.14977444228482
16759341.0,-5084.0,-448.0,20648.0,120.0,804.0,17948.0,14.703843682273948
17161341.0,-5800.0,-972.0,21516.0,-12.0,692.0,17940.0,15.76288447238164
17563341.0,-5904.0,-840.0,21416.0,-164.0,836.0,17944.0,15.649277262271717
17965341.0,-5812.0,-796.0,21184.0,20.0,724.0,18096.0,16.008595229930037
18367341.0,-5868.0,-840.0,21124.0,-140.0,928.0,18236.0,15.920925476528687
18769341.0,-5856.0,-976.0,21024.0,96.0,676.0,17904.0,16.555162606887
19171341.0,-5808.0,-952.0,21292.0,40.0,668.0,17920.0,16.05600619002508
19573341.0,3180.0,-524.0,22684.0,1908.0,-284.0,18116.0,2.011212617490144
19975341.0,15252.0,-6564.0,9664.0,-68.0,804.0,17652.0,61.06004884882589
20377341.0,17644.0,-1628.0,4736.0,164.0,740.0,17856.0,74.74354633395274
20779341.0,17320.0,320.0,3988.0,276.0,2028.0,18840.0,76.16356406761291
21181341.0,16548.0,-3236.0,4524.0,0.0,796.0,18020.0,75.48065925190744
21583341.0,32767.0,-13060.0,-11936.0,-7624.0,2972.0,18276.0,132.81371806745273
21985341.0,-3764.0,-1288.0,24024.0,288.0,560.0,18152.0,10.920846731521701
22387341.0,-3588.0,-924.0,22284.0,40.0,744.0,17944.0,10.403493521953843
22789341.0,-3568.0,-840.0,21976.0,-20.0,732.0,18156.0,10.189154008821076
23191341.0,-3780.0,-1104.0,22020.0,32.0,380.0,18140.0,10.631600870166855
23593341.0,-3724.0,-684.0,21632.0,-96.0,784.0,17844.0,10.389098865154677
23995341.0,-3504.0,-736.0,21820.0,-52.0,896.0,17932.0,10.144329577053721
24397341.0,-3516.0,-808.0,21644.0,40.0,764.0,18000.0,10.395841909360609
24799341.0,-3624.0,-628.0,21820.0,-96.0,888.0,18080.0,10.14520028137234
25201341.0,-3572.0,-808.0,21812.0,-60.0,840.0,18056.0,10.274872563293975
25603341.0,-3632.0,-812.0,21804.0,-12.0,780.0,18080.0,10.468775862527067
26005341.0,-3780.0,-732.0,21864.0,-172.0,812.0,18020.0,10.28161277727052
26407341.0,-3996.0,-2912.0,22084.0,336.0,1272.0,19072.0,15.87475479834713
26809341.0,3960.0,1716.0,23108.0,1056.0,1992.0,16452.0,6.601783426453644
27211341.0,1560.0,-560.0,22152.0,-32.0,700.0,17980.0,5.527291483055692
27613341.0,1644.0,380.0,22880.0,40.0,864.0,17940.0,4.37133388848933
28015341.0,-1560.0,1164.0,23148.0,-3300.0,1476.0,18512.0,6.444836735227774
28417341.0,6052.0,-340.0,21300.0,324.0,772.0,18800.0,15.217877615086852
28819341.0,4412.0,716.0,21288.0,-348.0,1144.0,18108.0,12.910776578928926
29221341.0,3732.0,-4224.0,5900.0,480.0,676.0,17544.0,44.37000956762755
29623341.0,2132.0,208.0,22080.0,48.0,824.0,17892.0,5.755808352203281
30025341.0,2044.0,156.0,22152.0,-28.0,784.0,17940.0,5.756188544134626
30427341.0,1840.0,-220.0,22320.0,72.0,932.0,18156.0,5.688923273119408
30829341.0,288.0,1460.0,22356.0,-4.0,904.0,17740.0,1.110346280517304
31231341.0,2520.0,-340.0,22304.0,28.0,768.0,18080.0,7.161669338063525
31633341.0,6956.0,-616.0,21000.0,-80.0,608.0,18020.0,18.910092645556414
32035341.0,9136.0,596.0,19048.0,0.0,728.0,18140.0,25.617523850328467
32437341.0,8604.0,748.0,19524.0,16.0,820.0,18028.0,23.71957232275994
32839341.0,8928.0,28.0,19248.0,-96.0,552.0,18020.0,25.240741418509096
33241341.0,9412.0,-380.0,18856.0,-16.0,804.0,18008.0,26.811643596536673
33643341.0,9536.0,-820.0,19624.0,-196.0,828.0,17984.0,26.961783410078784
34045341.0,9552.0,-128.0,19160.0,0.0,964.0,18052.0,26.70379881910041
34447341.0,9404.0,-176.0,19668.0,-80.0,712.0,18048.0,25.945645852578757
34849341.0,9512.0,-272.0,19560.0,44.0,904.0,17780.0,26.036543164628625
35251341.0,9408.0,-556.0,19568.0,112.0,772.0,17860.0,25.617345733564992
35653341.0,9148.0,-356.0,19556.0,-100.0,680.0,18188.0,25.56691146180101
36055341.0,9380.0,-692.0,19280.0,-116.0,912.0,17844.0,26.73695276067423
36457341.0,12492.0,-92.0,16008.0,-200.0,920.0,18052.0,38.7165847953777
36859341.0,15304.0,688.0,9948.0,20.0,736.0,18088.0,56.86433083657291
37261341.0,96.0,-3208.0,10400.0,-64.0,712.0,18000.0,19.420919200462514
37663341.0,14276.0,6776.0,20992.0,-212.0,776.0,18108.0,36.59888823518223
38065341.0,15876.0,-2540.0,4292.0,-120.0,812.0,18036.0,75.85090043399563
38467341.0,15544.0,-2632.0,11080.0,-68.0,912.0,17924.0,55.64902935518484
38869341.0,13744.0,-5448.0,14216.0,8.0,788.0,17956.0,47.07027328644998
39271341.0,12680.0,-4228.0,16272.0,96.0,928.0,18132.0,40.126249693825294
39673341.0,12996.0,-4328.0,14428.0,-40.0,712.0,18064.0,44.38593920148995
40075341.0,13132.0,-3940.0,15340.0,36.0,728.0,17864.0,42.398789590377426
40477341.0,12436.0,-3708.0,15072.0,4.0,888.0,18104.0,41.590879162824415
40879341.0,13360.0,-4024.0,15156.0,-40.0,692.0,18064.0,43.426921633174764
41281341.0,16876.0,-1900.0,5036.0,12.0,760.0,17984.0,73.73057582739072
41683341.0,15896.0,-2164.0,2932.0,-88.0,872.0,17960.0,80.30714818410974
42085341.0,16796.0,-2716.0,3856.0,0.0,700.0,17916.0,77.59722780951401
42487341.0,15968.0,-2360.0,3896.0,-28.0,792.0,17868.0,76.90308135183209
42889341.0,16020.0,-2228.0,3992.0,24.0,804.0,18064.0,76.42517716378863
43291341.0,16352.0,-3180.0,4072.0,16.0,820.0,17912.0,76.72806312282336
43693341.0,15992.0,-3220.0,3480.0,8.0,708.0,17876.0,78.38944426921768
44095341.0,15100.0,-3096.0,4764.0,-56.0,740.0,17960.0,73.48788764591602
44497341.0,15668.0,-2812.0,-424.0,12.0,792.0,18040.0,91.9307878377956
44899341.0,14988.0,-5460.0,-5468.0,360.0,880.0,17760.0,108.77375547945084
45301341.0,10432.0,-1764.0,-7200.0,-96.0,780.0,18048.0,124.91472144191788
45703341.0,10028.0,-2980.0,-4976.0,16.0,1164.0,18156.0,116.38203284379291
46105341.0,10852.0,-3452.0,-6608.0,-20.0,740.0,18008.0,120.87378627817367
46507341.0,10980.0,-3544.0,-6400.0,-164.0,764.0,17988.0,120.23791042117972
46909341.0,10976.0,-2900.0,-6396.0,116.0,864.0,17988.0,119.70459344505375
47311341.0,10880.0,-3032.0,-6788.0,144.0,700.0,17980.0,121.13529458334044
47713341.0,10944.0,-3056.0,-6484.0,-12.0,256.0,18052.0,119.96304300970603
48115341.0,11176.0,-3252.0,-6208.0,-88.0,812.0,18032.0,119.03483640995648
48517341.0,11488.0,-3144.0,-6488.0,-20.0,940.0,17828.0,119.39667468217466
48919341.0,13452.0,-6452.0,9840.0,112.0,960.0,17844.0,57.64943754455499
49321341.0,9220.0,-3640.0,19488.0,-8.0,860.0,17844.0,28.10494371609362
49723341.0,4540.0,-1820.0,21344.0,16.0,912.0,17956.0,14.199683950322981
50125341.0,1736.0,-1320.0,21932.0,84.0,688.0,18208.0,7.033797879676386
50527341.0,-252.0,996.0,22844.0,-152.0,896.0,17784.0,0.413025945568153
50929353.0,340.0,404.0,22156.0,24.0,816.0,18080.0,1.7363272337406739
51331341.0,-4496.0,-340.0,1052.0,-1196.0,-244.0,18316.0,73.08462769099427
51733341.0,640.0,-1040.0,22008.0,-760.0,2280.0,18400.0,10.558622287155863
52135341.0,-16.0,-6748.0,25104.0,-1020.0,3356.0,16304.0,26.884778484704707
52537341.0,676.0,5344.0,23876.0,1120.0,6228.0,13612.0,12.25319817617387
52939341.0,9292.0,2876.0,18752.0,1776.0,6024.0,13476.0,24.17428202703539
53341341.0,11712.0,936.0,19976.0,10172.0,6212.0,14172.0,18.04183871758629
53743341.0,15408.0,-672.0,6796.0,15308.0,1208.0,10452.0,12.115905898236175
54145341.0,16732.0,-1436.0,7960.0,14388.0,-4012.0,10168.0,12.819167001964832
54547341.0,9800.0,-3076.0,20432.0,15488.0,-312.0,2508.0,55.36074183440995
54949341.0,8808.0,-3532.0,19472.0,16344.0,-1320.0,-996.0,68.70578981300869
55351341.0,8332.0,-2864.0,19628.0,16504.0,-1020.0,-640.0,68.95111508689983
55753341.0,8148.0,-2544.0,20704.0,16520.0,-900.0,688.0,65.94758835218106
56155341.0,8360.0,-2856.0,20956.0,16500.0,-944.0,1104.0,64.23004145278958
56557341.0,9168.0,-2876.0,19676.0,15828.0,-1472.0,620.0,62.37065426698575
56959341.0,9776.0,-3148.0,18156.0,16188.0,-1172.0,3428.0,49.618463597613676
57361341.0,9880.0,-3128.0,18256.0,16332.0,-1076.0,3244.0,50.25656205634148
57763341.0,10228.0,-2764.0,18588.0,16072.0,-1108.0,3436.0,48.979271898627644
58165341.0,10536.0,-3476.0,17576.0,16408.0,-1288.0,3772.0,46.03286330824043
58567341.0,10500.0,-3144.0,18012.0,16376.0,-1320.0,3800.0,46.544452356000065
58969341.0,10276.0,-3200.0,18432.0,16220.0,-1332.0,4028.0,46.752032504795835
59371341.0,10912.0,-3344.0,17944.0,15860.0,-1324.0,4012.0,44.375640379424034
59773341.0,10960.0,-3808.0,17084.0,16512.0,-1516.0,4168.0,43.066401091017475
60175341.0,10064.0,-3264.0,18464.0,16100.0,-1572.0,4412.0,45.83062561424125
60577341.0,10224.0,-3408.0,18256.0,16132.0,-1400.0,5324.0,42.38743638057679
60979341.0,10384.0,-3468.0,18344.0,16092.0,-1440.0,5692.0,40.920064753113856
61381341.0,10184.0,-3424.0,18332.0,16160.0,-1048.0,4436.0,45.63127976343903
61783341.0,10268.0,-3772.0,18132.0,15896.0,-968.0,5828.0,40.62917015697089
62185341.0,10544.0,-3568.0,18304.0,16276.0,-1012.0,5024.0,43.0383760270777
62587341.0,9756.0,-3796.0,18256.0,15944.0,-1096.0,5492.0,43.02813308970004
62989341.0,9544.0,-3860.0,18180.0,15708.0,-844.0,6508.0,40.24210322221888
63391341.0,9488.0,-3812.0,18688.0,15656.0,-928.0,5952.0,42.53587278222625
63793341.0,9904.0,-4372.0,18688.0,15820.0,-1108.0,6240.0,40.91568985829363
64195341.0,9384.0,-4088.0,18468.0,15832.0,-760.0,5972.0,42.90556433764613
64597341.0,9752.0,-4088.0,18564.0,16024.0,-688.0,6400.0,41.12940706687135
64999341.0,9276.0,-4124.0,18820.0,15776.0,-768.0,6400.0,42.20161079701664
65401341.0,9640.0,-3564.0,18288.0,15800.0,-868.0,6816.0,39.20993445514628
65803341.0,10632.0,-4316.0,17776.0,15048.0,-544.0,6284.0,37.45620381646874
66205341.0,15064.0,-4176.0,12492.0,15684.0,-964.0,7852.0,15.708749394361647
66607341.0,16116.0,-3640.0,10148.0,15452.0,-1396.0,8096.0,7.698865746969718
67009341.0,15496.0,-3700.0,6020.0,15468.0,-1908.0,5664.0,6.0419646574712385
67411341.0,15720.0,-2376.0,11092.0,16976.0,-684.0,2008.0,28.75113462892786
67813341.0,15076.0,-2564.0,10656.0,15708.0,272.0,1564.0,30.794430382449903
68215341.0,15976.0,-3000.0,4736.0,15816.0,-1636.0,1824.0,10.748009114379897
68617341.0,16560.0,-2220.0,4900.0,16432.0,-1664.0,4244.0,2.632747031650338
69019341.0,16948.0,-2240.0,4536.0,16696.0,-1248.0,4220.0,3.2302487633391674
69421341.0,16680.0,-1876.0,5556.0,16420.0,-1116.0,3652.0,6.294446782860543
69823341.0,15940.0,-1780.0,4552.0,16132.0,-964.0,3832.0,3.799176054374237
70225341.0,16548.0,-1768.0,4616.0,16216.0,-932.0,5072.0,3.2622018166626656
70627341.0,16272.0,-1748.0,3236.0,16304.0,-648.0,4392.0,5.398871387120761
71029341.0,15964.0,-2804.0,7428.0,16272.0,-888.0,2956.0,15.744783411161265
71431341.0,14960.0,-2792.0,11160.0,16708.0,-420.0,1444.0,32.42060648376782
71833341.0,15252.0,-1080.0,13200.0,12252.0,-492.0,11588.0,2.8862843158048035
72235341.0,14952.0,-1404.0,12308.0,13736.0,-232.0,11396.0,3.408939381793539
72637341.0,14460.0,-1460.0,13996.0,13204.0,-424.0,11464.0,4.148473637872561
73039341.0,14436.0,-1596.0,13328.0,14368.0,-248.0,9888.0,9.02132074933047
73441341.0,14204.0,-1912.0,12464.0,15124.0,-116.0,9508.0,10.57924314397862
73843341.0,14688.0,-1712.0,13892.0,13872.0,-532.0,10304.0,7.452697984655193
74245341.0,15044.0,-1664.0,12888.0,14540.0,-552.0,9544.0,7.879246125097814
74647341.0,14432.0,-1796.0,13572.0,14572.0,-412.0,9504.0,10.808652408077617
75049341.0,14628.0,-1764.0,12408.0,14524.0,-612.0,9604.0,7.547862675736586
75451341.0,14592.0,-1704.0,12924.0,14592.0,-232.0,9744.0,8.864764237542678
75853341.0,14716.0,-1624.0,13272.0,14132.0,-348.0,9848.0,7.986306546545298
76255341.0,15184.0,-1388.0,12900.0,14496.0,-80.0,9924.0,7.019154955461354
76657341.0,14776.0,-1480.0,13788.0,14192.0,-364.0,9696.0,9.163801902134985
77059341.0,14596.0,-1756.0,13684.0,13952.0,20.0,10064.0,8.927535684341565
77461341.0,14808.0,-2132.0,11960.0,14420.0,-96.0,10160.0,7.143135400880085
77863341.0,15736.0,1136.0,11324.0,14476.0,-980.0,9120.0,7.511027413890917
78265341.0,15368.0,-2008.0,12032.0,14328.0,-248.0,9276.0,7.1916642952632035
78667341.0,15124.0,-2136.0,12664.0,14028.0,-468.0,9436.0,7.555917183882367
79069341.0,15404.0,-2164.0,11888.0,14476.0,-480.0,9864.0,5.85102221452339
79471341.0,15264.0,-2424.0,12048.0,14480.0,-820.0,9648.0,6.363961177908085
79873341.0,13292.0,-4084.0,9348.0,14996.0,-924.0,7268.0,14.250982604111433
80275341.0,4496.0,-2888.0,22544.0,17304.0,-368.0,6808.0,57.37146724606382
80677341.0,-5208.0,-3436.0,22008.0,15504.0,-2596.0,-756.0,104.22452010013485
81079341.0,-4544.0,1316.0,28632.0,9688.0,-1884.0,-7924.0,138.09818971570206
1481341.0,13964.0,-4300.0,8508.0,14856.0,-648.0,-4812.0,50.159767568312105
81883341.0,15672.0,-4708.0,9260.0,14808.0,-1796.0,-5204.0,49.64594816369581
82285341.0,15832.0,-4284.0,11072.0,15400.0,-1912.0,-4324.0,50.18330733599323
82687341.0,15264.0,-4792.0,10288.0,15188.0,-1996.0,-4536.0,50.14800837786772
83089341.0,14456.0,-4996.0,11464.0,14792.0,-1616.0,-4440.0,54.820447386393155
83491341.0,14928.0,-4304.0,10692.0,15200.0,-1684.0,-4632.0,52.21877236096056
83893341.0,15140.0,-4400.0,10936.0,15508.0,-1592.0,-3852.0,49.607846917731514
84295341.0,14784.0,-4484.0,10488.0,15480.0,-1796.0,-2936.0,45.88692007333578
84697341.0,14932.0,-4280.0,11212.0,16492.0,-2040.0,-1420.0,41.561401014092944
85099341.0,14792.0,-6428.0,10108.0,15620.0,-2716.0,-888.0,37.578979870855804
85501341.0,14292.0,-5140.0,11568.0,16012.0,-3068.0,4620.0,22.882392508466694
85903341.0,14736.0,-4656.0,12192.0,12624.0,-4524.0,13064.0,6.2004177910705724
86305341.0,13600.0,-4684.0,13204.0,12980.0,-1544.0,11492.0,9.165526326215302
86707341.0,9716.0,-4452.0,9436.0,8596.0,1220.0,15336.0,27.531531350216525
87109341.0,5152.0,-2316.0,25996.0,2204.0,3716.0,18440.0,16.885485957594337
87511341.0,100.0,-2856.0,23576.0,-1644.0,5296.0,17780.0,24.056737895172375
87913341.0,-1944.0,-4092.0,26828.0,-4756.0,4664.0,17724.0,25.323706863897797
88315341.0,2644.0,-5220.0,18040.0,3464.0,1944.0,15696.0,23.231027744511493
88717341.0,8968.0,-5484.0,17232.0,5668.0,1332.0,15908.0,21.723888264529975
89119341.0,14600.0,-7672.0,9324.0,4904.0,2292.0,16104.0,50.63272457735974
89521341.0,16596.0,-1256.0,2556.0,13856.0,380.0,9508.0,26.281114714425787
89923341.0,14204.0,1248.0,-2048.0,11064.0,484.0,10052.0,50.455006176339
90325369.0,14512.0,-144.0,6120.0,12740.0,-876.0,10172.0,15.935337366362319
90727341.0,8704.0,544.0,20500.0,17464.0,-852.0,1144.0,63.365650383264935
1129341.0,2828.0,4956.0,17668.0,13940.0,-1172.0,6316.0,59.36728577033716
91531341.0,8576.0,128.0,22504.0,17168.0,-3568.0,2392.0,61.921562899525426
91933341.0,7720.0,664.0,19240.0,16912.0,-2048.0,2876.0,59.00498985349363
92335341.0,8564.0,1960.0,19516.0,18244.0,-3984.0,204.0,67.58376620270677
92737341.0,4928.0,2600.0,22868.0,15900.0,-3640.0,-7380.0,103.71036290003072
93139341.0,14928.0,-872.0,19596.0,17136.0,-3728.0,-2216.0,60.337349879060014
93541341.0,15360.0,-1756.0,-6512.0,13768.0,-2620.0,8536.0,54.33835763985895
93943341.0,11128.0,-1448.0,-8360.0,12872.0,-3204.0,12712.0,80.68668053606514
94345341.0,2888.0,2696.0,-10732.0,6204.0,-5204.0,14856.0,143.50286689548597
94747341.0,2240.0,2108.0,-9884.0,6208.0,-5608.0,17092.0,147.89014764100145
95149341.0,3000.0,2180.0,-9288.0,6172.0,-5332.0,15612.0,141.63022778951938
95551341.0,3060.0,2072.0,-11776.0,7464.0,-5332.0,16188.0,141.14765790781536
95953341.0,3608.0,2140.0,-10072.0,7580.0,-5348.0,14780.0,134.29475692517508
96355341.0,4196.0,1824.0,-9360.0,7532.0,-5408.0,15040.0,130.28951271149054
96757341.0,4404.0,1780.0,-9300.0,6060.0,-4664.0,15720.0,134.43639696640622
97159341.0,4308.0,2100.0,-20136.0,5304.0,-4976.0,14256.0,146.0104465478773
97561341.0,13824.0,-1016.0,3940.0,14128.0,-56.0,10148.0,20.13691955606456
97963341.0,16440.0,-1932.0,13548.0,15948.0,-1268.0,8244.0,12.169713271293489
98365341.0,15992.0,-1208.0,11732.0,15152.0,-1504.0,7352.0,10.477063464012804
98767341.0,14772.0,-2304.0,11200.0,15644.0,-2216.0,6304.0,15.10301051846763
99169341.0,17976.0,72.0,15348.0,13748.0,-2816.0,10440.0,9.987876527131508
99571341.0,15156.0,-2716.0,9056.0,13508.0,-2380.0,10696.0,7.487018271233789
99973341.0,15348.0,-3840.0,13348.0,13488.0,-4372.0,13024.0,3.801604738192563
100375341.0,13016.0,-6660.0,9888.0,13832.0,-5340.0,9388.0,5.2993830603361785
100777341.0,12356.0,-8308.0,7472.0,13176.0,-6216.0,6628.0,8.110621366161832
101179341.0,12804.0,-10748.0,12788.0,11560.0,-10120.0,10080.0,4.258215405705886
101581341.0,13908.0,-6892.0,9440.0,8944.0,-6604.0,11844.0,17.33439665583748
101983341.0,14448.0,-4412.0,9664.0,10984.0,-6320.0,10872.0,13.093988396814773
102385341.0,15336.0,-5876.0,11804.0,13860.0,-4732.0,12664.0,5.404170173954146
102787341.0,14700.0,-5668.0,6328.0,14676.0,-3684.0,4944.0,7.584800922703453
103189341.0,15664.0,-5336.0,3572.0,16064.0,-5060.0,4480.0,3.0060888954214855
103591341.0,15640.0,-3936.0,6528.0,15004.0,-4928.0,2856.0,12.410557087153933
103993341.0,15844.0,-5184.0,4572.0,16328.0,-1384.0,3644.0,13.179438402096512
104395341.0,16312.0,-4412.0,5700.0,16156.0,-3140.0,4360.0,5.490146715423236
104797341.0,16176.0,-4780.0,4572.0,16144.0,-4020.0,5032.0,2.9060088654064833
105199349.0,16148.0,-4688.0,7612.0,15452.0,-3548.0,4888.0,7.835996663283428
105601341.0,14904.0,-7820.0,2956.0,14976.0,-4872.0,5716.0,13.662141983018593
106003341.0,14116.0,-7440.0,-188.0,14592.0,-4644.0,3740.0,17.55704254121588
106405341.0,15248.0,-6188.0,1548.0,16344.0,-4252.0,4604.0,12.324926542453115
106807341.0,16112.0,-6532.0,2276.0,15788.0,-5268.0,6476.0,14.237583155450125
107209341.0,15488.0,-8420.0,-2712.0,14388.0,-6972.0,5136.0,26.686005636455807
107611341.0,10204.0,-10940.0,-308.0,11364.0,-6936.0,7012.0,32.60183175609415
108013341.0,15860.0,-6152.0,-2052.0,17736.0,-4704.0,4008.0,20.209824186689843
108415341.0,15804.0,-7216.0,2684.0,16820.0,-7048.0,1928.0,3.279473427118558
108817341.0,16392.0,-1704.0,4356.0,14816.0,-8992.0,2432.0,25.715712030892952
109219341.0,14660.0,-4920.0,-1052.0,16228.0,-4092.0,1676.0,10.567426292788486
109621341.0,14080.0,-6644.0,604.0,15248.0,-4272.0,2344.0,11.396918958161306
110023341.0,16796.0,-6756.0,1928.0,17336.0,-6276.0,1824.0,2.0455174459995065
110425341.0,14504.0,-5700.0,-5732.0,15052.0,-4284.0,3352.0,32.74527957373534
110827341.0,15068.0,-3496.0,-1044.0,15732.0,-5948.0,2184.0,13.60289359979685
111229341.0,15940.0,732.0,1684.0,16228.0,-1700.0,1816.0,8.565589188963108
111631341.0,15924.0,-2068.0,10244.0,16708.0,-1860.0,2488.0,24.13683981950392
112033341.0,14608.0,-1332.0,4424.0,15260.0,-1992.0,2860.0,6.618706787632642
112435341.0,17644.0,-3588.0,10112.0,14408.0,-3908.0,2576.0,19.83067806979514
112837341.0,15740.0,-1376.0,11988.0,15528.0,-2164.0,3092.0,26.16594444623961
113239341.0,17704.0,-6852.0,2192.0,15672.0,-4008.0,2500.0,7.0998136382860375
113641341.0,15712.0,-2832.0,9468.0,16136.0,-3120.0,2160.0,23.192262835105474
114043341.0,16084.0,-3152.0,8736.0,16620.0,-3304.0,1160.0,24.14239031495379
114445341.0,17056.0,-3068.0,10276.0,15000.0,-4524.0,7268.0,8.204123281132325
114847341.0,15732.0,-2984.0,9560.0,14272.0,-2160.0,8864.0,1.960302678618864
115249341.0,15952.0,-3248.0,8836.0,15240.0,-2592.0,7960.0,2.0612087054936232
115651341.0,16012.0,-3828.0,8512.0,17132.0,-2240.0,984.0,24.753349579885604
116053341.0,15384.0,-3876.0,8336.0,15480.0,-3676.0,2944.0,17.251813109192412
116455341.0,15920.0,-3420.0,8536.0,15520.0,-4652.0,-816.0,30.862038344634517
116857341.0,15676.0,-3684.0,8504.0,15264.0,-2976.0,864.0,24.747117025177783
117259341.0,16244.0,-3756.0,7772.0,16260.0,-4892.0,1764.0,19.393159232266775
117661341.0,15940.0,-3740.0,8108.0,15524.0,-3508.0,3172.0,15.080017696410755
118063341.0,15712.0,-2420.0,8992.0,16740.0,-7080.0,-4508.0,45.525616744104994
118465341.0,16028.0,-3280.0,8248.0,15504.0,-3372.0,5008.0,9.260491557933227
118867341.0,15848.0,-3676.0,8616.0,16348.0,-3596.0,56.0,27.721290678015148
119269341.0,16016.0,-3448.0,8440.0,15824.0,-3296.0,-84.0,27.556378761169526
119671341.0,16028.0,-3340.0,7908.0,16468.0,-3440.0,272.0,24.85478581294197
120073341.0,15788.0,-3432.0,8436.0,17324.0,-2156.0,1092.0,24.493667157463022
120475341.0,16000.0,-3364.0,8504.0,16356.0,-3572.0,220.0,26.73075432305225
120877341.0,15780.0,-3356.0,8228.0,16072.0,-2916.0,768.0,24.38614684376702
121279341.0,15940.0,-3532.0,8696.0,16268.0,-4652.0,-868.0,31.156541245681453
121681341.0,14892.0,-4780.0,8728.0,16100.0,-4724.0,3280.0,18.152496420669213
122083341.0,15848.0,-3720.0,9020.0,15120.0,-5224.0,3008.0,19.13988278684157
122485341.0,15952.0,-4044.0,9108.0,14716.0,-3868.0,7068.0,4.07154048424176
122887341.0,15760.0,-3964.0,9356.0,15352.0,-3456.0,5784.0,9.834134962962741
123289341.0,16236.0,-3988.0,7736.0,16600.0,-4176.0,1940.0,18.36729866344077
123691341.0,15852.0,-4032.0,8260.0,15780.0,1148.0,4024.0,21.278357122766582
124093341.0,15596.0,-3488.0,8248.0,15360.0,-3360.0,2996.0,16.512169320445796
124495341.0,15988.0,-3788.0,8584.0,16464.0,-3172.0,1888.0,21.284436606990525
124897341.0,14720.0,-4772.0,11328.0,17292.0,-1604.0,-1736.0,43.563488280143574
125299341.0,14804.0,-4188.0,12744.0,16344.0,-796.0,-240.0,42.19084784068541
125701341.0,13444.0,-3860.0,14520.0,16128.0,-2028.0,896.0,43.60569336809652
126103341.0,14500.0,-3852.0,10696.0,16808.0,-1060.0,3240.0,26.639260459028186
126505341.0,16560.0,-4788.0,8436.0,16676.0,-508.0,2748.0,21.575094762607026
126907341.0,21236.0,-8140.0,6344.0,18788.0,-4116.0,5856.0,8.37907673548964
127309341.0,14164.0,-4952.0,6556.0,16208.0,-4420.0,1944.0,17.4340958298384
127711341.0,15456.0,-4676.0,7232.0,15720.0,-1864.0,2728.0,17.263036444226923
128113341.0,15252.0,-5308.0,7584.0,17516.0,-3592.0,8252.0,6.899539262742425
128515341.0,15412.0,-5120.0,8616.0,16184.0,-1696.0,2892.0,21.33269745203169
128917341.0,15584.0,-3732.0,7868.0,14980.0,-1500.0,1860.0,20.48408784846116
129319341.0,16056.0,-5684.0,6668.0,17096.0,-1400.0,1720.0,21.23275987948315
129721341.0,15380.0,-6096.0,6876.0,16468.0,-2080.0,2244.0,20.33558180543
130123341.0,16032.0,-5088.0,7624.0,16276.0,-1600.0,2560.0,19.25681863948704
130525341.0,15204.0,-4328.0,7632.0,15728.0,-3228.0,2676.0,16.809181063831623
130927341.0,15124.0,-5388.0,6644.0,16084.0,-2444.0,3216.0,15.407864888712421
131329341.0,15864.0,-5124.0,5604.0,16220.0,-2248.0,3548.0,11.548779449768766
131731341.0,16196.0,-5280.0,6160.0,15996.0,-2428.0,4032.0,10.763233486312537
132133341.0,15008.0,-3968.0,5904.0,17176.0,-2500.0,3424.0,11.517286875705503
132535341.0,15340.0,-5716.0,4952.0,16604.0,-2496.0,2584.0,14.121463584126028
132937341.0,15528.0,-5852.0,6092.0,16228.0,-2548.0,2672.0,15.729236010482634
133339341.0,15680.0,-5692.0,6112.0,16444.0,-2552.0,2640.0,15.458622329125845
133741341.0,15312.0,-5264.0,6040.0,15988.0,-2844.0,2716.0,13.912926839250673
134143341.0,15800.0,-5264.0,5564.0,16564.0,-2628.0,3008.0,12.326970188500692
134545341.0,15740.0,-5100.0,5780.0,16384.0,-3208.0,2148.0,13.66643276561536
134947341.0,16236.0,-5364.0,6004.0,16116.0,-2952.0,3492.0,10.549995307104968
135349341.0,14864.0,-4788.0,10172.0,16268.0,-2916.0,1148.0,29.980047371304615
135751341.0,11820.0,-3804.0,17252.0,14712.0,-2468.0,-48.0,54.87161469122131
136153341.0,12212.0,-3600.0,16604.0,15312.0,-1356.0,-156.0,53.95125492194306
136555341.0,12028.0,-3492.0,16988.0,16224.0,-2844.0,116.0,53.44815505282883
136957341.0,11988.0,-3232.0,16596.0,16156.0,-2604.0,320.0,52.31092190985346
137359341.0,11948.0,-3564.0,16828.0,16276.0,-2612.0,352.0,52.608505744414195
137761341.0,11804.0,-3392.0,17156.0,16244.0,-2600.0,268.0,53.77181013680712
138163347.0,13280.0,-3272.0,17636.0,16288.0,-2204.0,24.0,52.376222569376125
138565341.0,13156.0,-5448.0,11396.0,16176.0,-6680.0,-1956.0,45.04798797786269
138967341.0,14768.0,-7184.0,5224.0,15104.0,-3456.0,1168.0,18.470497614602913
139369341.0,15640.0,-10036.0,5420.0,16096.0,-7780.0,-996.0,20.607196451262503
139771341.0,14648.0,-7648.0,7536.0,16512.0,-4468.0,-2084.0,33.71346576886547
140173341.0,16004.0,-5812.0,7408.0,17192.0,-5496.0,-980.0,26.70948496795745
140575341.0,15104.0,-5224.0,6728.0,16240.0,-4336.0,1188.0,19.20736835763154
140977341.0,14328.0,-6620.0,8792.0,15708.0,-3496.0,636.0,29.277308917886543
141379341.0,14524.0,-8236.0,7804.0,15624.0,-4272.0,656.0,26.56634797622482
141781341.0,14692.0,-7260.0,7820.0,16080.0,-4720.0,1352.0,22.967717339059128
142183341.0,14344.0,-7392.0,8444.0,15448.0,-5448.0,920.0,25.52928466658111
142585341.0,14316.0,-7380.0,8428.0,15300.0,-5376.0,2116.0,21.53342153088928
142987341.0,14432.0,-7088.0,7408.0,15488.0,-5480.0,1484.0,20.597826114048807
143389341.0,14392.0,-7300.0,7856.0,13864.0,-4632.0,1728.0,20.82654206596387
143791341.0,13688.0,-7532.0,6996.0,14640.0,-5844.0,1820.0,18.799904238281414
144193341.0,14448.0,-6996.0,7912.0,14100.0,-4404.0,-1264.0,32.19778736562087
144595341.0,12024.0,-9108.0,8724.0,14428.0,-7236.0,592.0,29.667986554924358
144997341.0,16232.0,-3388.0,7532.0,16400.0,-2312.0,5112.0,8.0812492073126
145399341.0,14228.0,-4620.0,7440.0,13640.0,-1288.0,6268.0,11.512735337037471
145801341.0,13900.0,-6556.0,5048.0,15048.0,-1740.0,5972.0,17.848353670533573
146203341.0,15620.0,-4280.0,5476.0,16732.0,-4304.0,4104.0,5.387881327041458
146605341.0,16428.0,-5856.0,6624.0,17028.0,-2188.0,4268.0,13.57226677350879
147007341.0,19056.0,-6396.0,4768.0,17524.0,-2468.0,2824.0,11.183682839068663
147409341.0,16280.0,-4272.0,5584.0,16136.0,-2912.0,2648.0,10.15418630595588
147811341.0,15336.0,-3992.0,6972.0,15252.0,-2084.0,2372.0,16.341963405674054
148213341.0,15892.0,-4284.0,7156.0,16432.0,-3204.0,3084.0,13.620453671841108
148615341.0,15348.0,-4464.0,7560.0,15720.0,-2632.0,3020.0,15.91038464606966
149017341.0,16428.0,-4460.0,5140.0,15204.0,-2604.0,4088.0,5.615116231364379
149419341.0,16076.0,-4796.0,5132.0,16052.0,-2560.0,5356.0,7.2992382429255995
149821341.0,16000.0,-4404.0,5456.0,16128.0,-3392.0,4248.0,5.038647380957025
150223341.0,15800.0,-5376.0,5948.0,15980.0,-2276.0,4644.0,10.774785714773541
150625341.0,15608.0,-4916.0,5504.0,16084.0,-3324.0,5164.0,5.636534395742036
151027341.0,15480.0,-4876.0,5240.0,17496.0,-3744.0,5640.0,5.16449921882081
151429341.0,15876.0,-4680.0,5472.0,15752.0,-2732.0,5036.0,6.31860111796796
151831341.0,15704.0,-5264.0,5160.0,15296.0,-2704.0,5596.0,8.443345999429475
152233341.0,15212.0,-4744.0,7408.0,17208.0,-3120.0,3508.0,15.141024440051243
152635341.0,11856.0,-3736.0,17068.0,15480.0,-3004.0,1940.0,47.214916809266725
153037341.0,12028.0,-3292.0,16516.0,16528.0,-2400.0,1308.0,48.813542834694
153439341.0,12020.0,-3264.0,16880.0,16272.0,-1908.0,1204.0,49.864097867242414
153841341.0,11956.0,-2936.0,17896.0,16340.0,-1824.0,412.0,54.375073885548744
154243341.0,12036.0,-3364.0,16784.0,16748.0,-2620.0,592.0,51.629399866786315
154645341.0,13200.0,-4844.0,15548.0,18484.0,-2540.0,-2208.0,55.696807183393894
155047341.0,11792.0,-3904.0,15032.0,15648.0,-1104.0,-1464.0,57.111652991831356
155449341.0,14360.0,-5552.0,12404.0,16028.0,-2180.0,-4244.0,55.00420938136198
155851341.0,12100.0,-6040.0,14700.0,15224.0,-2216.0,-3704.0,63.07119867199135
156253341.0,12368.0,-5244.0,15692.0,14972.0,-4348.0,-3296.0,61.66086264416222
156655341.0,13504.0,-4304.0,15188.0,15996.0,-3680.0,-3388.0,58.79405553502517
157057341.0,12356.0,-4812.0,14968.0,16144.0,-2900.0,-1424.0,54.30043618736436
157459341.0,13968.0,-4444.0,10424.0,15092.0,-3576.0,-3528.0,48.406598961936304
157861341.0,15376.0,-5500.0,5760.0,16492.0,-1752.0,3448.0,15.19003881207286
158263341.0,17464.0,-1024.0,9108.0,15568.0,-2748.0,4504.0,13.137833454265818
158665341.0,15592.0,-3588.0,5948.0,13960.0,-3808.0,3912.0,5.701454867816206
159067341.0,15476.0,-6092.0,6900.0,17284.0,-2748.0,2340.0,19.132263765717138
159469341.0,15512.0,-5180.0,7524.0,16120.0,-2876.0,2928.0,16.590211763215727
159871341.0,15940.0,-4456.0,6168.0,17544.0,-3212.0,3512.0,10.576289394076234
160273341.0,15672.0,-5500.0,6976.0,15984.0,-2992.0,2808.0,15.445258686294663
160675341.0,16024.0,-4380.0,6812.0,16296.0,-3156.0,3048.0,12.592760723167741
161077341.0,15848.0,-4024.0,7188.0,16080.0,-2832.0,2932.0,14.145865086308254
161479341.0,15580.0,-4280.0,7296.0,16228.0,-2284.0,2864.0,16.001504926116056
161881341.0,16388.0,496.0,7860.0,18616.0,4844.0,3996.0,18.433097793608255
162283341.0,14228.0,-7108.0,9016.0,14656.0,-5220.0,4556.0,14.67977687296237
162685341.0,14100.0,-6536.0,10232.0,15448.0,-3968.0,3452.0,23.208517184226572
163087341.0,16028.0,-3240.0,8528.0,16120.0,-2756.0,1688.0,21.711991255771782
163489341.0,17832.0,-2200.0,8232.0,18652.0,-3700.0,3972.0,13.416894474800593
163891341.0,15472.0,-2116.0,9168.0,16648.0,-720.0,3336.0,19.72189432746914
64293341.0,15804.0,-5060.0,8400.0,16396.0,-2596.0,3048.0,18.40155165759723
164695341.0,15704.0,-3952.0,7996.0,16016.0,-4348.0,1940.0,19.637631263906282
165097341.0,15552.0,-4388.0,7972.0,16196.0,-2524.0,2480.0,18.83053487896056
165499341.0,15932.0,-3876.0,7624.0,16396.0,-2464.0,1876.0,19.122518552793775
165901341.0,16080.0,-3880.0,7512.0,16224.0,-2760.0,2272.0,16.981006149409648
166303341.0,16136.0,-4124.0,7628.0,16604.0,-2708.0,1956.0,18.622126318744307
166705341.0,16176.0,-4648.0,7492.0,16016.0,-2300.0,2300.0,17.594723613445957
167107341.0,15852.0,-2340.0,10116.0,16784.0,-2648.0,1672.0,26.650089770196615
167509341.0,14964.0,-1772.0,11832.0,16312.0,-1420.0,3076.0,27.545851535642612
167911341.0,15936.0,80.0,11308.0,17104.0,-1124.0,2532.0,27.209167567937943
168313341.0,15636.0,-876.0,11004.0,16268.0,-1116.0,2500.0,26.385847417513233
168715341.0,15648.0,-4208.0,10412.0,16676.0,-3076.0,2940.0,23.277538955890897
169117341.0,14948.0,-5140.0,11260.0,16796.0,-3272.0,2004.0,29.69668999083779
169519341.0,14696.0,-2688.0,11900.0,15484.0,-2356.0,3716.0,25.237003807222848
169921341.0,15100.0,304.0,12788.0,16348.0,-28.0,2640.0,31.101705098734982
170323341.0,15792.0,-20.0,12224.0,17092.0,-116.0,1752.0,31.89092209001101
170725341.0,14184.0,776.0,10164.0,15612.0,-820.0,5496.0,17.094272831303112
171127341.0,3080.0,1140.0,17916.0,14936.0,1928.0,12356.0,40.55868788719699
171529341.0,-1160.0,-6244.0,21552.0,9512.0,-2512.0,11244.0,42.62895036988686
171931341.0,8256.0,-8656.0,18492.0,15588.0,-5776.0,7652.0,37.39726218028282
172331821.0,-1.0,-1.0,-1.0,-1.0,-1.0,-1.0,0.0
172731794.0,-1.0,-1.0,-1.0,-1.0,-1.0,-1.0,0.0
173131794.0,-1.0,-1.0,-1.0,-1.0,-1.0,-1.0,0.0
173531794.0,-1.0,-1.0,-1.0,-1.0,-1.0,-1.0,0.0
173931794.0,-1.0,-1.0,-1.0,-1.0,-1.0,-1.0,0.0
174331794.0,-1.0,-1.0,-1.0,-1.0,-1.0,-1.0,0.0
174731794.0,-1.0,-1.0,-1.0,-1.0,-1.0,-1.0,0.0
175131794.0,-1.0,-1.0,-1.0,-1.0,-1.0,-1.0,0.0
175531794.0,-1.0,-1.0,-1.0,-1.0,-1.0,-1.0,0.0
175931794.0,-1.0,-1.0,-1.0,-1.0,-1.0,-1.0,0.0
176331794.0,-1.0,-1.0,-1.0,-1.0,-1.0,-1.0,0.0
176731794.0,-1.0,-1.0,-1.0,-1.0,-1.0,-1.0,0.0
177131794.0,-1.0,-1.0,-1.0,-1.0,-1.0,-1.0,0.0
177531794.0,-1.0,-1.0,-1.0,-1.0,-1.0,-1.0,0.0
177931794.0,-1.0,-1.0,-1.0,-1.0,-1.0,-1.0,0.0
178331794.0,-1.0,-1.0,-1.0,-1.0,-1.0,-1.0,0.0
178731794.0,-1.0,-1.0,-1.0,-1.0,-1.0,-1.0,0.0
179131794.0,-1.0,-1.0,-1.0,-1.0,-1.0,-1.0,0.0
179531794.0,-1.0,-1.0,-1.0,-1.0,-1.0,-1.0,0.0
179931794.0,-1.0,-1.0,-1.0,-1.0,-1.0,-1.0,0.0
180331794.0,-1.0,-1.0,-1.0,-1.0,-1.0,-1.0,0.0
180731794.0,-1.0,-1.0,-1.0,-1.0,-1.0,-1.0,0.0
181131794.0,-1.0,-1.0,-1.0,-1.0,-1.0,-1.0,0.0
181531794.0,-1.0,-1.0,-1.0,-1.0,-1.0,-1.0,0.0
181931794.0,-1.0,-1.0,-1.0,-1.0,-1.0,-1.0,0.0
182331794.0,-1.0,-1.0,-1.0,-1.0,-1.0,-1.0,0.0
182731794.0,-1.0,-1.0,-1.0,-1.0,-1.0,-1.0,0.0
183131794.0,-1.0,-1.0,-1.0,-1.0,-1.0,-1.0,0.0
183531794.0,-1.0,-1.0,-1.0,-1.0,-1.0,-1.0,0.0
183931794.0,-1.0,-1.0,-1.0,-1.0,-1.0,-1.0,0.0
184331794.0,-1.0,-1.0,-1.0,-1.0,-1.0,-1.0,0.0
184731794.0,-1.0,-1.0,-1.0,-1.0,-1.0,-1.0,0.0
185131794.0,-1.0,-1.0,-1.0,-1.0,-1.0,-1.0,0.0
185531794.0,-1.0,-1.0,-1.0,-1.0,-1.0,-1.0,0.0
185931794.0,-1.0,-1.0,-1.0,-1.0,-1.0,-1.0,0.0
186331794.0,-1.0,-1.0,-1.0,-1.0,-1.0,-1.0,0.0
186731794.0,-1.0,-1.0,-1.0,-1.0,-1.0,-1.0,0.0
187131794.0,-1.0,-1.0,-1.0,-1.0,-1.0,-1.0,0.0
187531794.0,-1.0,-1.0,-1.0,-1.0,-1.0,-1.0,0.0
187931794.0,-1.0,-1.0,-1.0,-1.0,-1.0,-1.0,0.0
188331794.0,-1.0,-1.0,-1.0,-1.0,-1.0,-1.0,0.0
188731794.0,-1.0,-1.0,-1.0,-1.0,-1.0,-1.0,0.0
189131794.0,-1.0,-1.0,-1.0,-1.0,-1.0,-1.0,0.0
189531794.0,-1.0,-1.0,-1.0,-1.0,-1.0,-1.0,0.0
189931794.0,-1.0,-1.0,-1.0,-1.0,-1.0,-1.0,0.0
190331794.0,-1.0,-1.0,-1.0,-1.0,-1.0,-1.0,0.0
190731794.0,-1.0,-1.0,-1.0,-1.0,-1.0,-1.0,0.0
191131794.0,-1.0,-1.0,-1.0,-1.0,-1.0,-1.0,0.0
191531794.0,-1.0,-1.0,-1.0,-1.0,-1.0,-1.0,0.0
191931794.0,-1.0,-1.0,-1.0,-1.0,-1.0,-1.0,0.0
192331794.0,-1.0,-1.0,-1.0,-1.0,-1.0,-1.0,0.0
192731794.0,-1.0,-1.0,-1.0,-1.0,-1.0,-1.0,0.0
193131794.0,-1.0,-1.0,-1.0,-1.0,-1.0,-1.0,0.0
193531794.0,-1.0,-1.0,-1.0,-1.0,-1.0,-1.0,0.0
193931794.0,-1.0,-1.0,-1.0,-1.0,-1.0,-1.0,0.0
194331794.0,-1.0,-1.0,-1.0,-1.0,-1.0,-1.0,0.0
194731794.0,-1.0,-1.0,-1.0,-1.0,-1.0,-1.0,0.0
195131794.0,-1.0,-1.0,-1.0,-1.0,-1.0,-1.0,0.0
195531794.0,-1.0,-1.0,-1.0,-1.0,-1.0,-1.0,0.0
195931794.0,-1.0,-1.0,-1.0,-1.0,-1.0,-1.0,0.0
196331794.0,-1.0,-1.0,-1.0,-1.0,-1.0,-1.0,0.0
196731794.0,-1.0,-1.0,-1.0,-1.0,-1.0,-1.0,0.0
197131794.0,-1.0,-1.0,-1.0,-1.0,-1.0,-1.0,0.0
197531794.0,-1.0,-1.0,-1.0,-1.0,-1.0,-1.0,0.0
197931794.0,-1.0,-1.0,-1.0,-1.0,-1.0,-1.0,0.0
198331794.0,-1.0,-1.0,-1.0,-1.0,-1.0,-1.0,0.0
198731794.0,-1.0,-1.0,-1.0,-1.0,-1.0,-1.0,0.0
199131794.0,-1.0,-1.0,-1.0,-1.0,-1.0,-1.0,0.0
199531794.0,-1.0,-1.0,-1.0,-1.0,-1.0,-1.0,0.0
199931794.0,-1.0,-1.0,-1.0,-1.0,-1.0,-1.0,0.0
200331794.0,-1.0,-1.0,-1.0,-1.0,-1.0,-1.0,0.0
200731794.0,-1.0,-1.0,-1.0,-1.0,-1.0,-1.0,0.0
201131794.0,-1.0,-1.0,-1.0,-1.0,-1.0,-1.0,0.0
201531794.0,-1.0,-1.0,-1.0,-1.0,-1.0,-1.0,0.0
201931794.0,-1.0,-1.0,-1.0,-1.0,-1.0,-1.0,0.0
202331794.0,-1.0,-1.0,-1.0,-1.0,-1.0,-1.0,0.0
202731794.0,-1.0,-1.0,-1.0,-1.0,-1.0,-1.0,0.0
203131794.0,-1.0,-1.0,-1.0,-1.0,-1.0,-1.0,0.0
203531794.0,-1.0,-1.0,-1.0,-1.0,-1.0,-1.0,0.0
203931794.0,-1.0,-1.0,-1.0,-1.0,-1.0,-1.0,0.0
204331794.0,-1.0,-1.0,-1.0,-1.0,-1.0,-1.0,0.0
204731794.0,-1.0,-1.0,-1.0,-1.0,-1.0,-1.0,0.0
205131794.0,-1.0,-1.0,-1.0,-1.0,-1.0,-1.0,0.0
205531794.0,-1.0,-1.0,-1.0,-1.0,-1.0,-1.0,0.0
205931794.0,-1.0,-1.0,-1.0,-1.0,-1.0,-1.0,0.0
206331794.0,-1.0,-1.0,-1.0,-1.0,-1.0,-1.0,0.0
206731794.0,-1.0,-1.0,-1.0,-1.0,-1.0,-1.0,0.0
207131794.0,-1.0,-1.0,-1.0,-1.0,-1.0,-1.0,0.0
207531794.0,-1.0,-1.0,-1.0,-1.0,-1.0,-1.0,0.0
207931794.0,-1.0,-1.0,-1.0,-1.0,-1.0,-1.0,0.0
208331794.0,-1.0,-1.0,-1.0,-1.0,-1.0,-1.0,0.0
208731794.0,-1.0,-1.0,-1.0,-1.0,-1.0,-1.0,0.0
209131794.0,-1.0,-1.0,-1.0,-1.0,-1.0,-1.0,0.0
209531794.0,-1.0,-1.0,-1.0,-1.0,-1.0,-1.0,0.0
209931794.0,-1.0,-1.0,-1.0,-1.0,-1.0,-1.0,0.0
210331794.0,-1.0,-1.0,-1.0,-1.0,-1.0,-1.0,0.0
210731794.0,-1.0,-1.0,-1.0,-1.0,-1.0,-1.0,0.0
211131794.0,-1.0,-1.0,-1.0,-1.0,-1.0,-1.0,0.0
11531794.0,-1.0,-1.0,-1.0,-1.0,-1.0,-1.0,0.0
211931794.0,-1.0,-1.0,-1.0,-1.0,-1.0,-1.0,0.0
212331794.0,-1.0,-1.0,-1.0,-1.0,-1.0,-1.0,0.0
212731794.0,-1.0,-1.0,-1.0,-1.0,-1.0,-1.0,0.0
213131794.0,-1.0,-1.0,-1.0,-1.0,-1.0,-1.0,0.0
213531794.0,-1.0,-1.0,-1.0,-1.0,-1.0,-1.0,0.0
213931794.0,-1.0,-1.0,-1.0,-1.0,-1.0,-1.0,0.0
214331794.0,-1.0,-1.0,-1.0,-1.0,-1.0,-1.0,0.0
214731794.0,-1.0,-1.0,-1.0,-1.0,-1.0,-1.0,0.0
215131794.0,-1.0,-1.0,-1.0,-1.0,-1.0,-1.0,0.0
215531794.0,-1.0,-1.0,-1.0,-1.0,-1.0,-1.0,0.0
215931794.0,-1.0,-1.0,-1.0,-1.0,-1.0,-1.0,0.0
216331794.0,-1.0,-1.0,-1.0,-1.0,-1.0,-1.0,0.0
216731794.0,-1.0,-1.0,-1.0,-1.0,-1.0,-1.0,0.0
217131794.0,-1.0,-1.0,-1.0,-1.0,-1.0,-1.0,0.0
217531794.0,-1.0,-1.0,-1.0,-1.0,-1.0,-1.0,0.0
217931794.0,-1.0,-1.0,-1.0,-1.0,-1.0,-1.0,0.0
218331794.0,-1.0,-1.0,-1.0,-1.0,-1.0,-1.0,0.0
